{
  "project_info": {
    "project_number": "745997496503",
    "firebase_url": "https://healthy-buddy1995.firebaseio.com",
    "project_id": "healthy-buddy1995",
    "storage_bucket": "healthy-buddy1995.appspot.com"
  },
  "client": [
    {
      "client_info": {
        "mobilesdk_app_id": "1:745997496503:android:9b16926daaf8b490289d32",
        "android_client_info": {
          "package_name": "com.gautam.medicinetime.mock"
        }
      },
      "oauth_client": [
        {
          "client_id": "745997496503-kcj4f1rnoaudebsqqrbi039837qno99d.apps.googleusercontent.com",
          "client_type": 3
        }
      ],
      "api_key": [
        {
          "current_key": "AIzaSyDqLinzsRQo88WKUm8ayfFWrdBrcAYzNjk"
        }
      ],
      "services": {
        "appinvite_service": {
          "other_platform_oauth_client": [
            {
              "client_id": "745997496503-kcj4f1rnoaudebsqqrbi039837qno99d.apps.googleusercontent.com",
              "client_type": 3
            }
          ]
        }
      }
    }
  ],
  "configuration_version": "1"
}